{"cameraMode":{"drawMode":0,"name":"Shaded","section":"Shading Mode"},"sceneLighting":false,"audioPlay":false,"sceneViewState":{"showFog":true,"showMaterialUpdate":false,"showSkybox":false,"showFlares":true,"showImageEffects":true,"showParticleSystems":true},"in2DMode":false,"pivot":{"x":-3.5751829147338869,"y":-0.9428799152374268,"z":3.5730648040771486},"rotation":{"x":-0.1969064474105835,"y":0.6509389877319336,"z":-0.18036885559558869,"w":-0.710614800453186},"size":0.8660253882408142,"orthographic":false}